<?xml version="1.0" encoding="ISO-8859-1"?>
<project xmlns="http://maven.apache.org/DECORATION/1.0.0"
  xmlns:xsi="http://www.w3.org/2001/XMLSchema-instance"
  xsi:schemaLocation="http://maven.apache.org/DECORATION/1.0.0 http://maven.apache.org/xsd/decoration-1.0.0.xsd"
 name="AndroMDA Core">
    <skin>
        <groupId>org.andromda.maven.plugins.site</groupId>
        <artifactId>andromda-site-skin</artifactId>
        <version>3.4-SNAPSHOT</version>
    </skin>
    <bannerLeft>
        <name/>
    </bannerLeft>
    <publishDate format="dd MMM yyyy hh:mm zzz"/>
    <body>
        <links>
            <item name="Home" href="../index.html"/>
            <item name="Core" href="/index.html"/>
        </links>
        <menu ref="parent"/>
        <menu ref="reports"/>
    </body>
</project>
