<?xml version="1.0" encoding="UTF-8"?>
<!-- Digester rules used to load a Cartridge object by Apache Digester -->
<digester-rules>

    <pattern value="cartridge">

        <object-create-rule
              classname="org.andromda.core.cartridge.Cartridge" />

        <set-properties-rule>
             <alias attr-name="name" prop-name="namespace" />
        </set-properties-rule>

        <!-- add the TemplateEngine implementation to the Cartridge -->
        <pattern value="templateEngine">

            <set-properties-rule>
                 <alias attr-name="className" prop-name="templateEngineClass" />
            </set-properties-rule>

            <pattern value="macrolibrary">

                <call-method-rule
                    methodname="addMacrolibrary"
                    paramcount="1"
                    paramtypes="java.lang.String"/>

                <call-param-rule
                    attrname="name"
                    paramnumber="0" />

             </pattern>

        </pattern>

        <!-- add the property references to the Cartridge -->

        <pattern value="property">

            <call-method-rule
                methodname="addPropertyReference"
                paramcount="1"
                paramtypes="java.lang.String"/>

            <call-param-rule
                attrname="reference"
                paramnumber="0" />

        </pattern>

        <!-- add the TemplateObjects to the Cartridge -->
        <pattern value="templateObject">

            <object-create-rule
                  classname="org.andromda.core.common.TemplateObject" />

            <set-properties-rule>
                 <alias attr-name="name" prop-name="name" />
            </set-properties-rule>

            <set-properties-rule>
                 <alias attr-name="className" prop-name="className" />
            </set-properties-rule>

             <!-- add the property references to the TemplateObject -->

            <pattern value="property">

                <call-method-rule
                    methodname="addPropertyReference"
                    paramcount="1"/>

                <call-param-rule
                    attrname="reference"
                    paramnumber="0" />

            </pattern>

            <set-next-rule methodname="addTemplateObject" />

        </pattern>

        <!-- add the TemplateObjects to the Cartridge -->
        <pattern value="templatePostProcessor">

            <object-create-rule
                  classname="org.andromda.core.common.TemplateObject" />

            <set-properties-rule>
                 <alias attr-name="className" prop-name="className" />
            </set-properties-rule>

            <set-next-rule methodname="addTemplatePostProcessor" />

        </pattern>
        
        <!-- add the conditions to the Cartridge -->
        <pattern value="condition">

            <call-method-rule
                methodname="addCondition"
                paramcount="2"
                paramtypes="java.lang.String,java.lang.String"/>

            <call-param-rule
                attrname="name"
                paramnumber="0" />

            <call-param-rule
                paramnumber="1"/>

        </pattern>

        <!-- add a resource to the cartridge -->
        <pattern value="resource">

            <object-create-rule
                  classname="org.andromda.core.cartridge.Resource" />

            <set-properties-rule>
                 <alias attr-name="path" prop-name="path" />
            </set-properties-rule>

            <set-properties-rule>
                 <alias attr-name="outlet" prop-name="outlet" />
            </set-properties-rule>

            <set-properties-rule>
                 <alias attr-name="overwrite" prop-name="overwrite" />
            </set-properties-rule>

            <set-properties-rule>
                 <alias attr-name="outputCondition" prop-name="outputCondition" />
            </set-properties-rule>
            
            <set-properties-rule>
                 <alias attr-name="lastModifiedCheck" prop-name="lastModifiedCheck" />
            </set-properties-rule>

            <set-next-rule methodname="addResource" />

        </pattern>

        <!-- add a template to the cartridge -->
        <pattern value="template">

            <object-create-rule
                  classname="org.andromda.core.cartridge.template.Template" />

            <set-properties-rule>
                 <alias attr-name="path" prop-name="path" />
            </set-properties-rule>

            <set-properties-rule>
                 <alias attr-name="generateEmptyFiles" prop-name="generateEmptyFiles" />
            </set-properties-rule>

            <set-properties-rule>
                 <alias attr-name="outputPattern" prop-name="outputPattern" />
            </set-properties-rule>

            <set-properties-rule>
                 <alias attr-name="outlet" prop-name="outlet" />
            </set-properties-rule>

            <set-properties-rule>
                 <alias attr-name="overwrite" prop-name="overwrite" />
            </set-properties-rule>

            <set-properties-rule>
                 <alias attr-name="outputToSingleFile" prop-name="outputToSingleFile" />
            </set-properties-rule>

            <set-properties-rule>
                 <alias attr-name="outputOnEmptyElements" prop-name="outputOnEmptyElements" />
            </set-properties-rule>

            <set-properties-rule>
                 <alias attr-name="outputCondition" prop-name="outputCondition" />
            </set-properties-rule>

            <pattern value="modelElements">

                <object-create-rule
                    classname="org.andromda.core.cartridge.template.ModelElements" />

                <set-properties-rule>
                    <alias attr-name="variable" prop-name="variable" />
                </set-properties-rule>

                <pattern value="modelElement">

                    <object-create-rule
                        classname="org.andromda.core.cartridge.template.ModelElement" />

                    <set-properties-rule>
                        <alias attr-name="stereotype" prop-name="stereotype" />
                    </set-properties-rule>

                    <set-properties-rule>
                        <alias attr-name="variable" prop-name="variable" />
                    </set-properties-rule>

                    <pattern value="type">

                        <object-create-rule
                            classname="org.andromda.core.cartridge.template.Type" />

                        <set-properties-rule>
                            <alias attr-name="name" prop-name="name" />
                        </set-properties-rule>

                        <pattern value="property">

                            <call-method-rule
                                methodname="addProperty"
                                paramcount="3"
                                paramtypes="java.lang.String,java.lang.String,java.lang.String"/>

                            <call-param-rule
                                attrname="name"
                                paramnumber="0" />

                            <call-param-rule
                                attrname="variable"
                                paramnumber="1" />

                            <call-param-rule
                                paramnumber="2"/>

                        </pattern>

                        <set-next-rule methodname="addType" />

                    </pattern>

                    <set-next-rule methodname="addModelElement" />

                </pattern>

                <set-next-rule methodname="setSupportedModelElements" />

             </pattern>

             <set-next-rule methodname="addResource" />

        </pattern>

    </pattern>

</digester-rules>