<?xml version="1.0" encoding="UTF-8"?>

<!-- these are the digester rules used to instantiate and configure
     an org.andromda.core.mapping.Mappings instance using Apache's Digester -->
<digester-rules>

    <pattern value="andromda">

        <object-create-rule
              classname="org.andromda.core.configuration.Configuration" />

        <pattern value="properties/property">

            <object-create-rule
                classname="org.andromda.core.configuration.Property" />

            <set-properties-rule>
                 <alias attr-name="name" prop-name="name" />
            </set-properties-rule>

            <call-method-rule
                methodname="setValue"
                paramcount="1" />

            <call-param-rule
                paramnumber="0"/>

            <set-next-rule methodname="addProperty" />

        </pattern>

        <pattern value="server">

            <object-create-rule
                classname="org.andromda.core.configuration.Server" />

            <pattern value="host">

                <call-method-rule
                    methodname="setHost"
                    paramcount="1"/>

                <call-param-rule
                    paramnumber="0"/>

            </pattern>

            <pattern value="port">

                <call-method-rule
                    methodname="setPort"
                    paramcount="1"/>

                <call-param-rule
                    paramnumber="0"/>

            </pattern>

            <pattern value="loadInterval">

                <call-method-rule
                    methodname="setLoadInterval"
                    paramcount="1"/>

                <call-param-rule
                    paramnumber="0"/>

            </pattern>

            <pattern value="maximumFailedLoadAttempts">

                <call-method-rule
                    methodname="setMaximumFailedLoadAttempts"
                    paramcount="1"/>

                <call-param-rule
                    paramnumber="0"/>

            </pattern>

            <set-next-rule methodname="setServer" />

        </pattern>

        <pattern value="repositories/repository">

            <object-create-rule
                classname="org.andromda.core.configuration.Repository" />

            <set-properties-rule>
                <alias attr-name="name" prop-name="name" />
            </set-properties-rule>

            <pattern value="models/model">

                <object-create-rule
                    classname="org.andromda.core.configuration.Model" />

                <pattern value="uri">

                    <call-method-rule
                        methodname="addUri"
                        paramcount="1"/>

                    <call-param-rule
                        paramnumber="0"/>

                </pattern>

                <pattern value="transformations/transformation">

                    <object-create-rule
                        classname="org.andromda.core.configuration.Transformation" />

                    <pattern value="uri">

                        <call-method-rule
                            methodname="setUri"
                            paramcount="1" />

                        <call-param-rule
                            paramnumber="0"/>

                    </pattern>

                    <set-properties-rule>
                         <alias attr-name="output" prop-name="outputLocation" />
                    </set-properties-rule>

                    <set-next-rule methodname="addTransformation" />

                </pattern>

                <pattern value="moduleSearchLocations/location">

                    <object-create-rule
                        classname="org.andromda.core.configuration.Location" />

                    <set-properties-rule>
                         <alias attr-name="patterns" prop-name="patterns" />
                    </set-properties-rule>

                    <call-method-rule
                        methodname="setPath"
                        paramcount="1" />

                    <call-param-rule
                        paramnumber="0"/>

                    <set-next-rule methodname="addModuleSearchLocation" />

                </pattern>

                <pattern value="modelPackages">

                    <object-create-rule
                        classname="org.andromda.core.configuration.Filters" />

                    <set-properties-rule>
                         <alias attr-name="processAll" prop-name="applyAll" />
                    </set-properties-rule>

                    <pattern value="modelPackage">

                        <object-create-rule
                            classname="org.andromda.core.configuration.Filter" />

                        <set-properties-rule>
                             <alias attr-name="process" prop-name="apply" />
                        </set-properties-rule>

                        <set-properties-rule>
                             <alias attr-name="namespaces" prop-name="namespaces" />
                        </set-properties-rule>

                        <call-method-rule
                            methodname="setValue"
                            paramcount="1"/>

                        <call-param-rule
                            paramnumber="0"/>

                        <set-next-rule methodname="addFilter" />

                    </pattern>

                    <set-next-rule methodname="setPackages" />

                </pattern>

                <pattern value="constraints">

                    <object-create-rule
                        classname="org.andromda.core.configuration.Filters" />

                    <set-properties-rule>
                         <alias attr-name="enforceAll" prop-name="applyAll" />
                    </set-properties-rule>

                    <pattern value="constraint">

                        <object-create-rule
                            classname="org.andromda.core.configuration.Filter" />

                        <set-properties-rule>
                             <alias attr-name="enforce" prop-name="apply" />
                        </set-properties-rule>

                        <call-method-rule
                            methodname="setValue"
                            paramcount="1"/>

                        <call-param-rule
                            paramnumber="0"/>

                        <set-next-rule methodname="addFilter" />

                    </pattern>

                    <set-next-rule methodname="setConstraints" />

                </pattern>

                <set-properties-rule>
                     <alias attr-name="lastModifiedCheck" prop-name="lastModifiedCheck" />
                </set-properties-rule>

                <set-properties-rule>
                     <alias attr-name="type" prop-name="type" />
                </set-properties-rule>

                <set-next-rule methodname="addModel" />

            </pattern>

            <set-next-rule methodname="addRepository" />

        </pattern>

        <pattern value="mappingsSearchLocations/location">

            <object-create-rule
                classname="org.andromda.core.configuration.Location" />

            <set-properties-rule>
                <alias attr-name="patterns" prop-name="patterns" />
            </set-properties-rule>

            <call-method-rule
                methodname="setPath"
                paramcount="1" />

            <call-param-rule
                paramnumber="0"/>

            <set-next-rule methodname="addMappingsSearchLocation" />

        </pattern>

        <pattern value="namespaces/namespace">

            <object-create-rule
                classname="org.andromda.core.configuration.Namespace" />

            <set-properties-rule>
                 <alias attr-name="name" prop-name="name" />
            </set-properties-rule>

            <pattern value="properties/property">

                <object-create-rule
                    classname="org.andromda.core.configuration.Property" />

                <set-properties-rule>
                     <alias attr-name="name" prop-name="name" />
                </set-properties-rule>

                <set-properties-rule>
                     <alias attr-name="ignore" prop-name="ignore" />
                </set-properties-rule>

                <call-method-rule
                    methodname="setValue"
                    paramcount="1" />

                <call-param-rule
                    paramnumber="0"/>

                <set-next-rule methodname="addProperty" />

            </pattern>

            <set-next-rule methodname="addNamespace" />

        </pattern>

    </pattern>

</digester-rules>