<andromda xmlns="http://andromda.org/core/configuration">
    <!-- See http://docs.andromda.org/configuration.html for andromda.xml properties documentation -->
    <properties>
        <property name="modelValidation">true</property>
        <property name="cartridgeFilter">${filter}</property>
    </properties>
    <repositories>
        <repository name="netBeansMDR">
            <models>
                <model>
                    <uri>${model.uri}</uri>
                    <moduleSearchLocations>
                        <location patterns="**/${andromda.version}/*.xml.zip">${settings.localRepository}/org/andromda/profiles/uml14</location>
                        <location patterns="**/*.xml">jar:file:${settings.localRepository}/org/omg/profiles/uml14/UML_Standard_Profile/1.0/UML_Standard_Profile-1.0.jar!/</location>
                    </moduleSearchLocations>
                </model>
            </models>
        </repository>
    </repositories>
    <namespaces>
        <!-- namespace property values used by ALL cartridges -->
        <!-- Variable references refer to properties defined in root pom.xml or mda/pom.xml files -->
        <!-- See http://www.andromda.org/docs/andromda-metafacades/andromda-uml-metafacades/andromda-metafacades-emf-uml2/namespace.html -->
        <namespace name="default">
            <properties>
                <property name="languageMappingsUri">Java</property>
                <property name="wrapperMappingsUri">JavaWrapper</property>
                <property name="overwrite">true</property>
            </properties>
        </namespace>
        <!-- See http://docs.andromda.org/andromda-cartridges/andromda-java-cartridge/namespace.html -->
        <namespace name="java">
            <properties>
                <property name="generateEqualPropertiesMethod">true</property>
                <property name="enumerations">${common.generated.dir}</property>
                <property name="exceptions">${common.generated.dir}</property>
                <property name="value-objects">${web.generated.java.dir}</property>
                <property name="interfaces">${common.generated.dir}</property>
            </properties>
        </namespace>
        <!-- See http://docs.andromda.org/andromda-cartridges/andromda-bpm4struts-cartridge/namespace.html -->
        <namespace name="bpm4struts">
            <properties>
                <property name="preventDirectPageAccess">true</property>
                <property name="xhtml">false</property>
                <property name="maxBreadCrumbs">5</property>
                <property name="defaultDateFormat">dd-MM-yyyy</property>
                <property name="normalizeMessages">true</property>
                <property name="onlineHelp">true</property>
                <property name="welcomeFileName">index.jsp</property>
                <property name="clientValidation">true</property>
                <property name="serverValidation">true</property>
                <property name="server">${web.generated.web.dir}</property>
                <property name="forms">${web.generated.java.dir}</property>
                <property name="pages">${web.generated.web.dir}</property>
                <property name="actions">${web.generated.java.dir}</property>
                <property name="controllers">${web.generated.java.dir}</property>
                <property name="controller-impls">${web.manual.java.dir}</property>
                <property name="decorators">${web.manual.java.dir}</property>
                <property name="messages">${web.generated.web.dir}/WEB-INF/classes</property>
                <property name="configuration">${web.generated.web.dir}/WEB-INF</property>
                <property name="serviceAccessorPattern">${application.package}.ServiceLocator.instance().get{1}()</property>
                <property name="mergeMappingsUri">file:${conf.dir}/mappings/WebMergeMappings.xml</property>
                <property name="manageableServiceAccessorPattern">${application.package}.ManageableServiceLocator.instance().get{1}()</property>
            </properties>
        </namespace>
    </namespaces>
</andromda>