<?xml version="1.0" encoding="UTF-8"?>
<!-- Generated by config/jboss/login-service.xml.vsl in andromda-ejb3-cartridge on 01/06/2012 01:17:13. -->
<server>
    <mbean code="org.jboss.security.auth.login.DynamicLoginConfig"
           name="timetracker-ejb3:service=DynamicLoginConfig">
        <attribute name="AuthConfig">META-INF/timetracker-ejb3-login-config.xml</attribute>
        <depends optional-attribute-name="LoginConfigService">
            jboss.security:service=XMLLoginConfig
        </depends>
        <depends optional-attribute-name="SecurityManagerService">
            jboss.security:service=JaasSecurityManager
        </depends>
    </mbean>
</server>