<?xml version="1.0" encoding="UTF-8"?>
<document xmlns="http://maven.apache.org/XDOC/2.0" xmlns:xsi="http://www.w3.org/2001/XMLSchema-instance"
          xsi:schemaLocation="http://maven.apache.org/XDOC/2.0 http://maven.apache.org/xsd/xdoc-2.0.xsd">
    <properties>
        <title>Search Criteria Panel</title>
    </properties>
    <body>
        <section name="Search Criteria Panel">
            <p>
                We are finally ready to attack the front-end! In this section, we will use the AndroMDA
                Javaserver Faces cartridge to develop a JSF based web front-end.
            </p>

            <p>
                The <i>JSF</i> cartridge generates javaserver Faces web pages from a UML model that defines
                the flow of your application. Before we get into modeling our application, please
                read the following material to understand fundamental concepts behind the <i>jsf</i>
                cartridge. The following links are related with the BPM4Struts cartridge but most of the
                concepts are similar to the concepts used in the <i>JSF</i> cartridge.
            </p>
            <ol style="list-style-type: decimal">
                <li>
                    <a href="http://docs.andromda.org/andromda-cartridges/andromda-bpm4struts-cartridge/index.html">Introduction to BPM4Struts</a>:
                    The <i>Introduction</i> and <i>Goal</i> sections provide a good overview of the cartridge.
                </li>
                <li>
                    <a href="http://docs.andromda.org/andromda-cartridges/andromda-bpm4struts-cartridge/howto.html">BPM4Struts How-to Guide</a>:
                    Quickly look over the concepts behind use-cases, activity graphs/state machines and controllers.
                </li>
            </ol>
            <p>

                <img src="images/SearchTimecardsUC.jpg" alt="Search Timecards Use Case"/>
            </p>
            <p>
                As you might have gathered, there are 3 important concepts associated with creating
                a web page: a use case, a state machine (or activity) diagram (that details the use case), and one
                or more controllers (whose methods can be called from the activity diagram). So
                let's discuss how we will model our search screen. We will start with a use case
                called <tt>Search Timecards</tt>. This use case is shown on the right and we
                have marked it with two stereotypes:
            </p>
            <ol style="list-style-type: decimal">
                <li> <tt>FrontEndUseCase</tt>: which means exactly that - it is a front-end use case
                </li>
                <li> <tt>FrontEndApplication</tt>: which means that it is the application's entry
                    point. Note that, for now, we won't worry about security or navigation -- as soon
                    as you point your browser to this web application, it will show the Search Timecards
                    page!
                </li>
            </ol>
            <p>
                We will then add details to this use case by creating an state machine diagram. The state machine
                diagram is shown below:
            </p>
            <div align="center">
                <img src="images/SearchTimecardsAD1.jpg" alt="Search Timecards Activity Diagram"/>
            </div>
            <p>
                The state machine diagram can use the
                <tt>SearchController</tt>
                shown below by calling
                its methods. The key parameter passed to
                <tt>SearchController</tt>
                methods is
                a form interface that provides access to HTTP request parameters. The
                <tt>SearchController</tt>
                can call services in the service layer. Specifically, we have shown here that it
                has access to the <tt>UserService</tt>.
            </p>
            <div align="center">
                <img src="images/SearchControllerToUserService.jpg" alt="Search Controller"/>
            </div>
            <p>
                Now let's enter the use case, the state machine diagram and the controller in our model.
                Please follow one of the links below to edit the model with the UML tool of your
                choice.
            </p>
            <ul>
                <li>
                    <a href="resources/uml-tools/argouml/SearchTimecardsUC.html">ArgoUML</a>
                </li>
                <li>
                    <a href="resources/uml-tools/magicdraw/SearchTimecardsUC.html">MagicDraw</a>
                </li>
                <li>
                    <a href="resources/uml-tools/rsm/SearchTimecardsUC.html">RSM/RSA</a>
                </li>
            </ul>
            <p>
                Now let's ask AndroMDA to generate code for the
                <tt>Search Timecards</tt>
                page:
            </p>
            <ol style="list-style-type: decimal">
                <li>Execute the command
                    <tt>mvn install -Peclipse</tt>
                    in the Command Prompt (the <tt>-Peclipse</tt> is needed to update the project configuration in eclipse).
                    Make sure you get a
                    <tt>BUILD SUCCESSFUL</tt>
                    message.
                </li>
            </ol>
            <p>
                The only code we need to write by hand is the call from the
                <tt>SearchController</tt>
                to the
                <tt>UserService</tt>
                to populate the drop-downs. So open the
                <tt>SearchControllerImpl</tt>
                class generated at <tt>C:\timetracker\web\src\main\java\org\andromda\timetracker\web\timecardsearch</tt>.
                Add the code shown below:
            </p>
            <source>
<![CDATA[
// license-header java merge-point
// Generated by andromda-jsf cartridge (controllers\ControllerImpl.java.vsl) on 04/17/2011 08:25:41-0300
package org.andromda.timetracker.web.timecardsearch;

import java.util.ArrayList;
import java.util.Collection;
import java.util.Collections;
import java.util.List;

import org.andromda.timetracker.vo.UserVO;
import org.andromda.timetracker.vo.UserVOComparator;

/**
 * @see org.andromda.timetracker.web.timecardsearch.SearchController
 */
public class SearchControllerImpl
    extends SearchController
{
    /**
     * The serial version UID of this class. Needed for serialization.
     */
    private static final long serialVersionUID = -1584823295709314108L;

    private static final String ALL_STRING = "-- All --";

    /**
     * @see org.andromda.timetracker.web.timecardsearch.SearchController#populateSearchScreen(java.lang.Long submitter, java.lang.Long approver, java.util.Date startDateMinimum, java.util.Date startDateMaximum)
     */
    @Override
    public void populateSearchScreen(PopulateSearchScreenForm form)
    {
        // Get list of users and add the "All" option at the top
        Collection<UserVO> users = getUserService().getAllUsers();

        // Add the 'All' option at the top of the list, as a fake user
        List<UserVO> userList = new ArrayList<UserVO>(users);

        // Sorts the names
        Collections.sort(userList, new UserVOComparator());
        userList.add(0, new UserVO(null, ALL_STRING, null, null));

        // Populate submitter and approver dropdowns
        form.setSubmitterBackingList(userList, "id", "username");
        form.setApproverBackingList(userList, "id", "username");
    }

}
]]>
            </source>
            <p>
                Note that we sort the
                <tt>users</tt>
                array so that names appear alphabetically
                in the drop-downs. The sorting function uses <tt>UserVOComparator</tt>, which
                is available under <tt>C:\timetracker-completed\common\src\main\java\org\andromda\timetracker\vo</tt>.
                Copy it to your solution using the same directory structure.
            </p>
            <p>
                Now follow the steps below to build and deploy the application to JBoss and test
                it.
            </p>
            <ol style="list-style-type: decimal">
                <li>Build the common and web projects to make sure the code added above is compiled
                    and packaged. Here's how:
                    <br/>
                    <tt>mvn -f common/pom.xml install</tt>
                    <br/>
                    <tt>mvn -f web/pom.xml install</tt>
                </li>
                <li>Start the JBoss server. To do this, open a Command Prompt in the JBoss bin directory
                    ( <tt>C:\Programs\JBoss\7\bin</tt>) and execute the command <tt>standalone</tt>.
                </li>
                <li>Deploy the application to the JBoss server. Copy timetracker.war from
                    web\target to Jboss standalone\deployments directory.
                    Look for JBoss console message indicating that the application has started.
                </li>
                <li>Open a browser and make it point to http://localhost:8080/timetracker. The TimeTracker
                    search page should appear. Note that although the look and feel is not what we have
                    in the prototype, the screen is functionally correct. We will worry about the look
                    and feel later, when all the functionality is complete.
                </li>
                <li>Make sure that the submitter and approver drop downs are populated with the complete
                    user list.
                </li>
            </ol>
            <p>
                Below is a screen shot of the Search screen so far. Isn't it amazing that we were
                able to get all this functionality without much coding?
            </p>
            <div align="center">
                <img src="images/SearchCriteriaPanel.jpg" alt="Search Criteria Panel"/>
            </div>
            <subsection name="What's Next?">
                <p>
                    Congratulations! You have successfully deployed a complete vertical slice of the
                    application that includes a front-end, middle-tier and a back-end. We are now ready
                    start our second iteration with the goal to build the Search Results panel. Click
                    <a href="timetrackingservice-definition.html">here</a> to start iteration 2.
                </p>
            </subsection>
        </section>
    </body>
</document>
