<?xml version="1.0" encoding="UTF-8"?>
<document xmlns="http://maven.apache.org/XDOC/2.0" xmlns:xsi="http://www.w3.org/2001/XMLSchema-instance"
          xsi:schemaLocation="http://maven.apache.org/XDOC/2.0 http://maven.apache.org/xsd/xdoc-2.0.xsd">
    <properties>
        <title>
            TimeTracker Tour
        </title>
    </properties>
    <body>
        <section name="TimeTracker Tour">

            <p>
                Before we start building TimeTracker from scratch, let's take a test drive of the
                finished application. This will give you a good feel for what you are about to embark
                on and also give you some direction in case you get stuck. You will also get hands
                on experience with various development procedures, such as administering
                JBoss. These will be helpful when you start building your application from scratch.
            </p>

            <p>
                Follow these steps to build and run TimeTracker:
            </p>
            <ol style="list-style-type: decimal">
                <li>Download the source for the
                    <a href="timetracker-completed.zip">
                        finished application
                    </a>
                    and unzip it at <tt>C:\</tt>. You will get a directory
                    called <tt>C:\Workspaces\timetracker-completed</tt>.
                    <i>Note: If you decide to unzip the tutorial
                        at a different location, make sure there are no spaces in your pathname - otherwise
                        Maven will run into build problems.
                    </i>
                </li>
                <!--li>If you downloaded a version of MySql driver other than 5.0.4, then you must edit
                    the file <tt>C:\Workspaces\timetracker-completed\pom.xml</tt>. Look for the two instances
                    of
                    <tt>5.0.4</tt>
                    and change them to the version of your MySQL driver.
                </li-->
                <li>Open a Command Prompt in the directory <tt>C:\Workspaces\timetracker-completed</tt>.
                </li>
                <li>Execute the command
                    <tt>mvn install</tt>
                    to build the application. This step
                    downloads all the libraries needed to build the TimeTracker application from remote
                    Maven repositories. These libraries have been specified in the various
                    <tt>pom.xml</tt>
                    files under the TimeTracker source tree. Due to the sheer number and size of these
                    libraries, this step will take a significant amount of time. However, be assured
                    that your next build will be much faster because all the necessary dependencies
                    will be available locally. Note that sometimes due to bad Internet connectivity
                    or server load, Maven may not be able to download all dependencies in one go. If
                    your build fails due to this reason, try to issue the command again until you get
                    a successful build.
                </li>
                <li>Let this Command Prompt remain open for subsequent steps.</li>
                <li>Now that we have built the application, let us create a datasource for the H2 database on the target server.
                For JBoss7:
                    <ul>
                        <li>Edit standalone/configuration/standalone.xml to add a new datasource just below the existing ExampleDS
                        Note: You can also use the JBoss admin console at
                        <a href="http://localhost:9990/console/App.html#server/datasources">http://localhost:9990/console/App.html#server/datasources</a>
                        to add the datasource.</li>
                    </ul>
                    <source><![CDATA[
        <subsystem xmlns="urn:jboss:domain:datasources:1.0">
            <datasources>
                <datasource jndi-name="java:jboss/datasources/ExampleDS" pool-name="H2DS" enabled="true" jta="true" use-java-context="true" use-ccm="true">
...
                <datasource jndi-name="java:/jdbc/timetracker" pool-name="timetracker_Pool" enabled="true" jta="true" use-java-context="true" use-ccm="true">
                    <connection-url>
                        jdbc:h2:~/timetracker;AUTO_SERVER=TRUE;AUTO_RECONNECT=TRUE;DB_CLOSE_ON_EXIT=FALSE;DB_CLOSE_DELAY=-1
                    </connection-url>
                    <driver>h2</driver>
                    <security>
                        <user-name>sa</user-name>
                        <password>sa</password>
                    </security>
                </datasource>
                    ]]></source>
                    <ul>
                        <li>We do not need to copy the h2-version.jar file to JBoss because H2 is already the default DBMS.
                        You can also use the JBoss Admin console at http://localhost:8080/admin to create the datasource, but it is easier
                        to simply edit the configuration file directly</li>
                    </ul>
                    <ul>
                        <li>Documentation for the H2 database is at <a href="http://www.h2database.com">http://www.h2database.com</a>.
                        Documentation for configuring datasources in JBoss7 is at <a href="https://docs.jboss.org/author/display/AS7/Admin+Guide#AdminGuide-DatasourceDefinitions">https://docs.jboss.org/author/display/AS7/Admin+Guide#AdminGuide-DatasourceDefinitions</a>.
                        JBoss7 no longer allows deploying the database configuration (*-ds.xml) along with the application.</li>
                    </ul>
                    <ul>
                        <li>JBoss7 comes with hibernate4 beta as the default persistence module, which does not yet work completely with Spring 3.1 beta. It
                        also uses jsf2 as the default JSP provider. AndroMDA uses hibernate 3.6 and Spring 3.0 and JSF 1.2.
                        To be compatible, the jboss-deployment-structure.xml file under timetracker\web\src\main\webapp\WEB-INF
                        has exclusions. See <a href="http://community.jboss.org/blogs/marek-novotny/2011/07/15/seam-2-jpa-example-on-jboss-as7">http://community.jboss.org/blogs/marek-novotny/2011/07/15/seam-2-jpa-example-on-jboss-as7</a>
                        and <a href="https://docs.jboss.org/author/display/AS7/Class+Loading+in+AS7">https://docs.jboss.org/author/display/AS7/Class+Loading+in+AS7</a></li>
                    </ul>
                </li>
                <li>If using Tomcat7 for deployment testing:
                    <ul>
                        <li>Download Tomcat (current version 7.0.22) from <a href="http://tomcat.apache.org">http://tomcat.apache.org</a>,
                        unzip to a local directory, verify that bin\startup.bat or .sh starts the server properly. Shutdown.</li>
                    </ul>
                    <ul>
                        <li>Or - download TomEE (Tomcat with embedded JavaEE OpenJPA) from <a href="http://http://openejb.apache.org/3.0/apache-tomee.html">http://http://openejb.apache.org/3.0/apache-tomee.html</a>,
                        unzip to a local directory, verify that bin\startup.bat or .sh starts the server properly. Shutdown.</li>
                    </ul>
                    <ul>
                        <li>Add JTA support using some provider such as JOTM or Automatix, as described in
                        <a href="http://codepitbull.wordpress.com/2011/07/08/tomcat-7-with-full-jta">http://codepitbull.wordpress.com/2011/07/08/tomcat-7-with-full-jta</a>,
                        if using base Tomcat. I didn't need the resource-env-ref in web.xml for it to work.</li>
                    </ul>
                    <ul>
                        <li>Add the datasource and JTA support in conf\server.xml and context.xml as described in
                        <a href="http://tomcat.apache.org/tomcat-7.0-doc/jndi-datasource-examples-howto.html">http://tomcat.apache.org/tomcat-7.0-doc/jndi-datasource-examples-howto.html</a>,
                        copying the needed h2 jar to Tomcat \lib.</li>
                    </ul>
                In tomcat conf\context.xml:
                    <source><![CDATA[
<Context>
...
    <ResourceLink global="jdbc/timetracker" name="jdbc/timetracker" type="javax.sql.DataSource"/>
    <Resource
       name="TransactionSynchronizationRegistry"
       auth="Container"
       type="javax.transaction.TransactionSynchronizationRegistry"
       factory="org.objectweb.jotm.TransactionSynchronizationRegistryFactory"/>
    <Transaction factory="org.objectweb.jotm.UserTransactionFactory" jotm.timeout="60"/>
]]></source>
                In tomcat conf\server.xml:
<source><![CDATA[
  <GlobalNamingResources>
...
   <Resource name="jdbc/timetracker" auth="Container"
             type="javax.sql.DataSource"
             maxActive="4" maxIdle="2" maxWait="10000"
             username="sa"  password="sa"
             driverClassName="org.h2.Driver"
             url="jdbc:h2:~/timetracker;AUTO_SERVER=TRUE;AUTO_RECONNECT=TRUE;DB_CLOSE_ON_EXIT=FALSE;DB_CLOSE_DELAY=-1"/>
]]></source>
                    <ul>
                        <li>Copy the h2-version.jar file from web\target\timetracker\version\WEB-INF\lib to Tomcat \lib.
                        Copy jta.jar from <a href="http://java.sun.com/products/jta">http://java.sun.com/products/jta</a>
                        (or other jta provider) to the same directory.</li>
                    </ul>
                     <ul>
                        <li>There is a bug in JBoss6.1 and 7 where the standard datasource lookup java:comp/env fails during deployment.
                        Tomcat (and every other app server) requires the java:comp/env/jdbc/timetracker format for JNDI datasource lookups.
                        The bug is fixed in JBoss7.1. See <a href="https://issues.jboss.org/browse/AS7-2184">https://issues.jboss.org/browse/AS7-2184</a>.
                        To workaround: Edit timetracker/pom.xml to change the property dataSource from java:/${dataSource.name} to
                        <source><![CDATA[<dataSource>java:comp/env/${dataSource.name}</dataSource>]]></source> and clean/build timetracker again.
                        Specifically this changes the output in the following files: core/src/main/resources/META-INF/persistence.xml jta-data-source, and
                        core/src/main/resources/applicationContext-dataSource.xml</li>
                    </ul>
                </li>
                <!--li>Now that we have built the application, let us create a database schema to store
                    its data. We will create a schema called
                    <tt>timetracker</tt>
                    and a user called
                    <tt>timetracker</tt>
                    who has full access to this schema.
                    <ul>
                        <li>Open MySQL Administrator. Login in as root.</li>
                        <li>Click
                            <tt>Catalogs</tt>
                            in the left navigation bar.
                        </li>
                        <li>Right click in the lower left panel (called Schemata) and select
                            <tt>Create NewSchema</tt>.
                        </li>
                        <li>Enter the schema name as
                            <tt>timetracker</tt>
                            and click OK.
                        </li>
                        <li>Click
                            <tt>User Administration</tt>
                            in the left navigation bar.
                        </li>
                        <li>Click
                            <tt>New User</tt>
                            and add a new user called timetracker with password
                            timetracker.
                        </li>
                        <li>Select the
                            <tt>Schema Privileges</tt>
                            tab and then click the timetracker schema.
                        </li>
                        <li>Click the
                            <tt>&lt;&lt;</tt>
                            button to assign all privileges to the timetracker
                            user and click <tt>Apply Changes</tt>.
                        </li>
                        <li>Close MySQL Administrator.</li>
                    </ul>
                </li>
                <li>- OR - If you prefer running the commands from the command line instead of using the Administrator:
                    <ul>
                        <li>If mySQL is not running or not set to start automatically as a service: Open a command prompt. Start mySQL: <code>C:\Programs\mySQL\5\bin\mysqld</code></li>
                        <li>Open another command prompt. Connect as root with no password (the default): <tt>mysql -u root</tt></li>
                        <li>Create the timetracker database: <tt>CREATE DATABASE timetracker;</tt></li>
                        <li>Grant rights on database timetracker to user timetracker (the quotes and localhost are very important):</li>
                        <li> <tt>GRANT ALL ON `timetracker`.* TO 'timetracker'@'localhost' identified by 'timetracker' WITH GRANT OPTION;</tt></li>
                        <li>The timetracker user is created at the same time with a password.</li>
                        <li>Verify the user has been created properly: <tt>select * from mysql.user;</tt></li>
                        <li>mySQL User@host syntax reference: <a href="http://dev.mysql.com/doc/refman/5.5/en/account-names.html">http://dev.mysql.com/doc/refman/5.5/en/account-names.html</a></li>
                        <li>Logout root: <tt>exit</tt> and login as user timetracker with password timetracker: <tt>mysql -u timetracker -p</tt></li>
                        <li>Verify the grants: <tt>show grants;</tt></li>
                        <li>Use the timetracker database: <tt>USE timetracker;</tt></li>
                        <li>To change the timetracker password: <tt>SET PASSWORD = PASSWORD('timetracker')</tt></li>
                        <li>mySQL Command Reference: <a href="http://dev.mysql.com/doc/refman/5.5/en/sql-syntax.html">http://dev.mysql.com/doc/refman/5.5/en/sql-syntax.html</a></li>
                    </ul>
                </li>
                <li>Now let's populate the timetracker schema with the tables required by the application.
                    To do this run the following command in the Command Prompt opened earlier:
                    <br/>
                    <tt>mvn -f core/pom.xml andromdapp:schema -Dtasks=create</tt>
                </li>
                <li>Now that the tables have been created we need to populate the tables with some sample
                    data. Follow the steps below to do this:
                    <ol style="list-style-type: decimal">
                        <li>Open MySQL Query Browser. Login as timetracker.</li>
                        <li>Select File &gt; OpenScript and open the following script file:
                            <tt>C:\timetracker-completed\app\src\main\sql\static-data-insert.sql</tt>.
                            Click the Execute button to on the top right to execute the script and populate
                            static data in the database (users and tasks).
                        </li>
                        <li>Now open the script file
                            <tt>test-data-insert.sql</tt>
                            in the same directory
                            and execute it. This will insert test data in the database (timecards and time allocations).
                        </li>
                        <li>Close MySQL Query Browser.</li>
                    </ol>
                </li-->
                <li>Let's start the JBoss server so we can deploy the TimeTracker application to it.
                    To do this, open a second Command Prompt in the JBoss bin directory ( <tt>C:\Programs\JBoss\7\bin</tt>)
                    and execute the command <tt>standalone.sh</tt> or <tt>standalone.bat</tt>. JBoss should start up in about 5 seconds.
                    Wait for a message similar to this to make sure JBoss has started successfully:
                    <br/>
                    <tt>17:57:19,981 INFO  [org.jboss.as] (Controller Boot Thread) JBoss AS 7.0.2.Final "Arc" started in 2775ms - Started 97 of 152 services (55 services are passive or on-demand)</tt>.
                </li>
                <li>Now we are ready to deploy the finished application to the JBoss server. Copy timetracker.war from
                    web\target to Jboss standalone\deployments directory. The JBoss console displays several messages indicating that it is deploying
                    the application.
                    <!--Go to the
                    previous Command Prompt (in the directory <tt>C:\timetracker-completed</tt>)
                    and execute the command:
                    <br/>
                    <tt>mvn -f app/pom.xml -Ddeploy</tt>
                    <br/>
                    You will notice that the TimeTracker EAR (Executable Archive) file is copied over
                    to the JBoss deploy directory ( <tt>C:\Programs\JBoss\51\server\default\deploy</tt>)
                    and the JBoss console displays several messages indicating that it is deploying
                    the application.--> Wait for a message similar to this to make sure TimeTracker has
                    started successfully:
                    <br/>
                    <tt>19:28:59,154 INFO  [org.jboss.web] (MSC service thread 1-4) registering web context: /timetracker
                        19:28:59,237 INFO  [org.jboss.as.server.controller] (DeploymentScanner-threads -
                         2) Deployed "timetracker.war"</tt>
                </li>
                <li>Now we are ready to test the application. Open a browser and make it point to http://localhost:8080/timetracker.
                    (If you have changed the JBoss HTTP port, then replace 8080 with the appropriate
                    port number.) <!-- The login page should appear.
                </li>
                <li>Enter
                    <tt>nbhatia</tt>
                    as the username and
                    <tt>cooldude</tt>
                    as the password.
                    Click the
                    <i>Login</i>
                    button.--> The TimeTracker home page should appear with links
                    to various sections of the application.
                </li>
                <li>Click on<i>Search Timecards</i>. The search screen should appear. Try changing
                    the search criteria and click the
                    <i>Search</i>
                    button. The
                    <i>Search Results</i>
                    panel should show appropriate results. Note that the remaining TimeTracker screens
                    are under construction.
                </li>
                <li>When you are satisfied with the TimeTracker tour, you may stop the JBoss Server
                    by typing Control-C in the JBoss Command Prompt.
                </li>
                <!--li>We can now drop all the tables in the TimeTracker database in preparation of your
                    turn to build the application from scratch. To do this, simply go to the first Command
                    Prompt in the
                    <tt>C:\timetracker-completed</tt>
                    directory and excute the following
                    command:
                    <br/>
                    <tt>mvn -f core/pom.xml andromdapp:schema -Dtasks=drop</tt>
                </li-->
            </ol>
            <p>
                Well, now that you have seen the TimeTracker application in action, are you ready
                to recreate it from scratch? I am hearing a resounding yes! Alright, click
                <a href="development-approach.html">here</a> to go ahead.
            </p>
        </section>
    </body>
</document>
