<?xml version="1.0" encoding="UTF-8"?>
<document xmlns="http://maven.apache.org/XDOC/2.0" xmlns:xsi="http://www.w3.org/2001/XMLSchema-instance"
          xsi:schemaLocation="http://maven.apache.org/XDOC/2.0 http://maven.apache.org/xsd/xdoc-2.0.xsd">
    <properties>
        <title>
            TimeTrackingService Definition
        </title>
    </properties>
    <body>
        <section name="TimeTrackingService Definition">

            <p>
                We are now on iteration 2. The goal of this iteration is to build the Search Results
                panel. To refresh our memories, here's the mockup of the Search screen. The Search
                Results panel is the panel on the right that shows a table of timecards.
            </p>

            <div align="center">
                <img src="images/SearchScreen_new.jpg" alt="Search Screen"/>
            </div>
            <subsection name="Value Objects">
                <p>
                    To support the Search Results panel, the service layer must provide the ability
                    to get a list of timecards that match a specific criteria. Let's decide that we
                    will create a service called <tt>TimeTrackingService</tt> that will provide
                    this functionality via the method specified below:
                </p>
                <source>
<![CDATA[
    public interface TimeTrackingService
    {
        public Collection<TimecardSummaryVO> findTimecards(TimecardSearchCriteriaVO criteria);
    }
]]>
                </source>
                <p>
                    Here <tt>TimecardSearchCriteriaVO</tt>
                    is a value object that packages timecard
                    search criteria - if a field in this class is specified, then that criterion applies;
                    if the field is left as null, then that criterion does not apply.
                    <tt>TimecardSummaryVO</tt>
                    is another value object that packages summary information about each timecard. Based
                    on the fields in the Search screen, let's design these two value objects. Note that
                    we need a status field in both these value objects. So first create a UML enumeration
                    called <tt>TimecardStatus</tt> under the <tt>org.andromda.timetracker.domain</tt>
                    package as shown below. To do this, create an enumeration in the &quot;Domain Objects&quot; diagram.
                    Then add the four enumeration literal names and values as shown below. Enumeration Literal
                    Names are UPPERCASE by convention and are referred to in code by TimecardStatue.NAME.
                    EnumerationLiteral values are the String Text value displayed for the literal. Make sure the enumeration
                    is created in the <tt>org.andromda.timetracker.domain</tt> package by inspecting
                    the containment tree.
                    <!-- To do this, create a class in the &quot;Domain Objects&quot; diagram,
                    and give it the stereotype of <tt>Enumeration</tt>. Then add the four enumeration
                    values as shown below - these are added as attributes. Make sure the enumeration
                    is created in the <tt>org.andromda.timetracker.domain</tt> package by inspecting
                    the containment tree. -->
                </p>
                <p>
                    <img src="images/TimecardStatus.jpg" alt="TimecardStatus"/>
                </p>
                <p>
                    Now that <tt>TimecardStatus</tt> is defined, we can define the two value objects
                    needed by the <tt>findTimecards()</tt> service method. Create <tt>TimecardSearchCriteriaVO</tt>
                    and <tt>TimecardSummaryVO</tt> under the <tt>org.andromda.timetracker.vo</tt>
                    package as shown below. Create these value objects in the &quot;Value Objects&quot; diagram.
                    Note that the multiplicity of each attribute in
                    <tt>TimecardSearchCriteriaVO</tt>
                    is set to 0..1 - indicating that their value could be left as null. To specify the
                    multiplicity of an attribute, you must double-click on the attribute to open its
                    specification and then choose the right multiplicity. Make sure these two classes are created in the
                    <tt>
                        org.andromda.timetracker.vo
                    </tt>
                    package by inspecting the containment tree.
                </p>
                <p>
                    <img src="images/SearchResultsPanelValueObjects.jpg" alt="Search Results Panel value objects"/>
                </p>
            </subsection>
            <subsection name="TimeTrackingService">
                <p>
                    We now have everything to define our <tt>TimeTrackingService</tt>. Create this
                    service under the <tt>org.andromda.timetracker.service</tt> package as shown
                    below. Create it in the &quot;Services&quot; diagram and make sure the service is created
                    in the <tt>org.andromda.timetracker.service</tt> package by inspecting the containment
                    tree. Also make sure that the return type of <tt>findTimecards</tt> is
                    <tt>TimecardSummaryVO[0..*]</tt>, by setting its return type as <tt>TimecardSummaryVO</tt>
                    and the multiplicity as <tt>0..*</tt> (use the return parameter in the parameters list to set the multiplicity).
                </p>
                <p>
                    <img src="images/TimeTrackingService.jpg" alt="TimeTrackingService"/>
                </p>
                <p>
                    Now let's ask AndroMDA to generate code:
                </p>
                <ol style="list-style-type: decimal">
                    <li>Execute the command
                        <tt>mvn install</tt>
                        in the Command Prompt. Make sure you get a <tt>BUILD SUCCESSFUL</tt>
                        message.
                    </li>
                </ol>
                <p>
                    Verify that the following files are generated in the appropriate directories:
                </p>
                <ol style="list-style-type: decimal">
                    <li>common\target\src\org\andromda\timetracker\domain\TimecardStatus.java</li>
                    <li>common\target\src\org\andromda\timetracker\vo\TimecardSummaryVO.java</li>
                    <li>common\target\src\org\andromda\timetracker\vo\TimecardSearchCriteriaVO.java</li>
                    <li>common\target\src\org\andromda\timetracker\service\TimeTrackingService.java</li>
                    <li>core\target\src\org\andromda\timetracker\service\TimeTrackingServiceBase.java</li>
                    <li>core\src\main\java\org\andromda\timetracker\service\TimeTrackingServiceImpl.java</li>
                </ol>
            </subsection>
            <subsection name="TimeTrackingService Test">
                <p>
                    As with <tt>UserService</tt>, we will first write a test for
                    <tt>TimeTrackingService</tt>
                    and then write the implementation to make the test pass. Follow the steps below
                    to create
                    <tt>TimeTrackingServiceTest</tt>
                    and run it:
                </p>
                <ol style="list-style-type: decimal">
                    <li>Copy
                        <tt>TimeTrackingServiceTest.java</tt>
                        from the directory
                        <tt>C:\timetracker-completed\core\src\test\java\org\andromda\timetracker\service</tt>
                        to the corresponding directory under your implementation. This file contains two
                        tests for <tt>findTimecards()</tt>:
                        <tt>testFindAllTimecards()</tt>
                        and
                        <tt>testFindTimecardsForSubmitter</tt>. Review both tests and make sure you
                        understand them.
                    </li>
                    <li>Execute the following command in the
                        <tt>C:\timetracker</tt>
                        directory to run
                        the test.
                        <br/>
                        <tt>mvn -f core/pom.xml test</tt>
                        <br/>
                        You will find that the test fails with the following message:
                        <source>
<![CDATA[
-------------------------------------------------------
 T E S T S
-------------------------------------------------------
Running TestSuite
Running TestSuite
Tests run: 3, Failures: 2, Errors: 0, Skipped: 0, Time elapsed: 5.263 sec <<< FAILURE!

Results :

Failed tests: 
  testFindAllTimecards(org.andromda.timetracker.service.TimeTrackingServiceTest)
  testFindTimecardsForSubmitter(org.andromda.timetracker.service.TimeTrackingServiceTest)

Tests run: 3, Failures: 2, Errors: 0, Skipped: 0

[INFO] ------------------------------------------------------------------------
[ERROR] BUILD FAILURE
[INFO] ------------------------------------------------------------------------
[INFO] There are test failures.
]]>
                        </source>
                    </li>
                    <li>Let's look at the test results to see what happened. Open
                        <tt>C:\timetracker\core\target\surefire-reports\TestSuite.txt</tt>. You will see the following log:
                        <source>
<![CDATA[
-------------------------------------------------------------------------------
Test set: TestSuite
-------------------------------------------------------------------------------

Results :

Failed tests: 
  testFindAllTimecards(org.andromda.timetracker.service.TimeTrackingServiceTest)
  testFindTimecardsForSubmitter(org.andromda.timetracker.service.TimeTrackingServiceTest)

Tests run: 3, Failures: 2, Errors: 0, Skipped: 0

ServiceException: Error performing 'TimeTrackingService.findTimecards(TimecardSearchCriteriaVO criteria)' --> java.lang.UnsupportedOperationException: org.andromda.timetracker.service.TimeTrackingService.handleFindTimecards(TimecardSearchCriteriaVO criteria) Not implemented!
]]>
                        </source>
                        Obviously the service is throwing an <tt>java.lang.UnsupportedOperationException</tt>.
                        This problem will be fixed when we implement the service.
                    </li>
                </ol>
            </subsection>
            <subsection name="What's Next?">
                <p>
                    The next step is to implement the
                    <tt>findTimecards()</tt>
                    method. Click <a href="timetrackingservice-implementation.html">here</a> to start this implementation.
                </p>
            </subsection>
        </section>
    </body>
</document>
