<?xml version="1.0" encoding="UTF-8"?>

<document xmlns="http://maven.apache.org/XDOC/2.0" xmlns:xsi="http://www.w3.org/2001/XMLSchema-instance"
       xsi:schemaLocation="http://maven.apache.org/XDOC/2.0 http://maven.apache.org/xsd/xdoc-2.0.xsd">
    <properties>
        <title>Submit Timecard</title>
    </properties>
    <body>
        <section name="">

            <p>
            </p>

        </section>
        <section name="">

            <p>
            </p>
        </section>
    </body>
</document>
