<?xml version="1.0" encoding="UTF-8"?>

<!-- Digester rules used to load an AndroMDApp instance by the Apache Digester -->

<digester-rules>
    <pattern value="andromdapp">
        <object-create-rule classname="org.andromda.andromdapp.AndroMDAppType"/>
        <set-properties-rule>
            <alias attr-name="type" prop-name="type"/>
            <alias attr-name="root" prop-name="root"/>
        </set-properties-rule>
        <pattern value="resourceLocations/location">
            <call-method-rule methodname="addResourceLocation" paramcount="1" paramtypes="java.lang.String"/>
            <call-param-rule paramnumber="0"/>
        </pattern>
        <pattern value="directories/directory">
            <call-method-rule methodname="addDirectory" paramcount="1" paramtypes="java.lang.String"/>
            <call-param-rule paramnumber="0"/>
        </pattern>
        <pattern value="conditionalOutput/conditions">
            <object-create-rule classname="org.andromda.andromdapp.Conditions"/>
            <set-properties-rule>
                <alias attr-name="type" prop-name="type"/>
            </set-properties-rule>
            <pattern value="condition">
                <object-create-rule classname="org.andromda.andromdapp.Condition"/>
                <set-properties-rule>
                    <alias attr-name="id" prop-name="id"/>
                    <alias attr-name="equal" prop-name="equal"/>
                    <alias attr-name="notEqual" prop-name="notEqual"/>
                    <alias attr-name="present" prop-name="present"/>
                </set-properties-rule>
                <set-next-rule methodname="addCondition"/>
            </pattern>
            <pattern value="output">
                <call-method-rule methodname="addOutputPath" paramcount="2" paramtypes="java.lang.String,java.lang.String"/>
                <call-param-rule paramnumber="0"/>
                <call-param-rule attrname="patterns" paramnumber="1"/>
            </pattern>
            <set-next-rule methodname="addOutputConditions"/>
        </pattern>
        <pattern value="mappings/mapping">
            <object-create-rule classname="org.andromda.andromdapp.Mapping"/>
            <pattern value="from">
                <call-method-rule methodname="addFrom" paramcount="1"/>
                <call-param-rule paramnumber="0"/>
            </pattern>
            <pattern value="to">
                <call-method-rule methodname="setTo" paramcount="1"/>
                <call-param-rule paramnumber="0"/>
            </pattern>
            <set-next-rule methodname="addMapping"/>
        </pattern>
        <pattern value="instructions">
            <call-method-rule methodname="setInstructions" paramcount="1" paramtypes="java.lang.String"/>
            <call-param-rule paramnumber="0"/>
        </pattern>
        <pattern value="templateEngine">
            <set-properties-rule>
                <alias attr-name="className" prop-name="templateEngineClass"/>
                <alias attr-name="extensions" prop-name="templateExtensions"/>
            </set-properties-rule>
            <pattern value="exclusion">
                <call-method-rule methodname="addTemplateEngineExclusion" paramcount="2" paramtypes="java.lang.String,java.lang.String"/>
                <call-param-rule paramnumber="0"/>
                <call-param-rule attrname="patterns" paramnumber="1"/>
            </pattern>
            <pattern value="macrolibrary">
                <call-method-rule methodname="addMacrolibrary" paramcount="1" paramtypes="java.lang.String"/>
                <call-param-rule attrname="name" paramnumber="0"/>
            </pattern>
        </pattern>
        <pattern value="templateObject">
            <call-method-rule methodname="addTemplateObject" paramcount="2" paramtypes="java.lang.String,java.lang.String"/>
            <call-param-rule attrname="name" paramnumber="0"/>
            <call-param-rule attrname="className" paramnumber="1"/>
        </pattern>
        <pattern value="prompts/promptGroup/prompt">
            <object-create-rule classname="org.andromda.andromdapp.Prompt"/>
            <set-properties-rule>
                <alias attr-name="id" prop-name="id"/>
                <alias attr-name="required" prop-name="required"/>
                <alias attr-name="setResponseAsTrue" prop-name="setResponseAsTrue"/>
            </set-properties-rule>
            <pattern value="text">
                <call-method-rule methodname="setText" paramcount="1" paramtypes="java.lang.String"/>
                <call-param-rule paramnumber="0"/>
            </pattern>
            <pattern value="preconditions">
                <object-create-rule classname="org.andromda.andromdapp.Conditions"/>
                <set-properties-rule>
                    <alias attr-name="type" prop-name="type"/>
                </set-properties-rule>
                <pattern value="condition">
                    <object-create-rule classname="org.andromda.andromdapp.Condition"/>
                    <set-properties-rule>
                        <alias attr-name="id" prop-name="id"/>
                        <alias attr-name="equal" prop-name="equal"/>
                        <alias attr-name="notEqual" prop-name="notEqual"/>
                        <alias attr-name="present" prop-name="present"/>
                    </set-properties-rule>
                    <set-next-rule methodname="addCondition"/>
                </pattern>
                <set-next-rule methodname="addPreconditions"/>
            </pattern>
            <pattern value="responses">
                <set-properties-rule>
                    <alias attr-name="type" prop-name="responseType"/>
                </set-properties-rule>
                <pattern value="response">
                    <call-method-rule methodname="addResponse" paramcount="1" paramtypes="java.lang.String"/>
                    <call-param-rule paramnumber="0"/>
                </pattern>
            </pattern>
            <pattern value="conditions/condition">
                <object-create-rule classname="org.andromda.andromdapp.Condition"/>
                <set-properties-rule>
                    <alias attr-name="id" prop-name="id"/>
                    <alias attr-name="equal" prop-name="equal"/>
                    <alias attr-name="notEqual" prop-name="equal"/>
                </set-properties-rule>
                <pattern value="setProperty">
                    <call-method-rule methodname="setProperty" paramcount="3" paramtypes="java.lang.String,java.lang.String,java.lang.String"/>
                    <call-param-rule attrname="id" paramnumber="0"/>
                    <call-param-rule paramnumber="1"/>
                    <call-param-rule attrname="type" paramnumber="2"/>
                </pattern>
                 <set-next-rule methodname="addCondition"/>
             </pattern>
             <set-next-rule methodname="addPrompt"/>
        </pattern>
    </pattern>
</digester-rules>