<?xml version="1.0" encoding="UTF-8"?>

<!-- Digester rules used to load an AndroMDApp configuration instance by the Apache Digester -->

<digester-rules>
    <pattern value="andromdapp">
        <object-create-rule classname="org.andromda.andromdapp.Configuration"/>
        <set-properties-rule>
            <alias attr-name="overwrite" prop-name="overwrite"/>
        </set-properties-rule>
        <pattern value="locations/location">
            <call-method-rule methodname="addLocation" paramcount="1" paramtypes="java.lang.String"/>
            <call-param-rule paramnumber="0"/>
        </pattern>            
        <pattern value="properties/property">
            <call-method-rule methodname="addProperty" paramcount="2" paramtypes="java.lang.String,java.lang.String"/>
            <call-param-rule attrname="name" paramnumber="0"/>   
            <call-param-rule paramnumber="1"/>
        </pattern>
    </pattern>
</digester-rules>