<andromda xmlns="http://andromda.org/core/configuration">
    <!-- See http://docs.andromda.org/configuration.html for andromda.xml properties documentation -->
    <properties>
        <property name="modelValidation">true</property>
        <property name="cartridgeFilter">${filter}</property>
    </properties>
    <repositories>
        <repository name="netBeansMDR">
            <models>
                <model>
                    <uri>${model.uri}</uri>
                    <moduleSearchLocations>
                        <location patterns="**/${andromda.version}/*.xml.zip">${settings.localRepository}/org/andromda/profiles/uml14</location>
                        <location patterns="**/*.xml">jar:file:${settings.localRepository}/org/omg/profiles/uml14/UML_Standard_Profile/1.0/UML_Standard_Profile-1.0.jar!/</location>
                    </moduleSearchLocations>
                </model>
            </models>            
        </repository>
    </repositories>
    <namespaces>
        <namespace name="default">
            <properties>
                <!-- Use enums, strongly typed collections with templates, and @annotation markups>
                <property name="enableTemplating">true</property>
                <property name="enableAnnotations">true</property>
                <property name="typeSafeEnumsEnabled">true</property -->
                <property name="languageMappingsUri">Java</property>
                <property name="wrapperMappingsUri">JavaWrapper</property>
                <property name="sqlMappingsUri">${sql.mappings}</property>
                <property name="jdbcMappingsUri">JDBC</property>
                <property name="maxSqlNameLength">30</property>
                <property name="foreignKeySuffix">_FK</property>
                <property name="ejbJndiNamePrefix">${application.id}</property>
                <!-- used in both hibernate and spring cartridges -->
                <property name="hibernateVersion">3</property>
            </properties>
        </namespace>
        <!-- See http://docs.andromda.org/andromda-cartridges/andromda-spring-cartridge/namespace.html -->
        <namespace name="spring">
            <properties>
                <property name="dataSource">${dataSource}</property>
                <property name="hibernateHbm2DDLAuto">update</property>
                <property name="hibernateQueryUseNamedParameters">true</property>
                <property name="hibernateEnableCache">false</property>
                <property name="sessionFactory">org.springframework.orm.hibernate3.LocalSessionFactoryBean</property>
                <property name="localTransactionManager">org.springframework.orm.hibernate3.HibernateTransactionManager</property>
                <property name="hibernateCacheProvider">org.hibernate.cache.EhCacheProvider</property>
                <property name="hibernateQueryCacheFactory">org.hibernate.cache.StandardQueryCacheFactory</property>
                <property name="mergeMappingsUri">file:${conf.dir}/mappings/SpringMergeMappings.xml</property>
                <property name="hibernateDialect">${hibernate.dialect}</property>
                <property name="hibernateShowSql">${hibernate.db.showSql}</property>
                <property name="transactionManager">org.springframework.orm.hibernate3.HibernateTransactionManager</property>
                <property name="hibernateInheritanceStrategy">${hibernate.inheritance.strategy}</property>
                <property name="springTypesPackage">${application.package}</property>
                <property name="daos">${core.generated.dir}</property>
                <property name="dao-impls">${core.manual.java.dir}</property>
                <property name="spring-configuration">${core.generated.dir}</property>
                <property name="services">${core.generated.dir}</property>
                <property name="service-impls">${core.manual.java.dir}</property>
                <property name="service-interfaces">${common.generated.dir}</property>
                <property name="criteria">${common.generated.dir}</property>
                <property name="value-objects">${common.generated.dir}</property>
            </properties>
        </namespace>
        <!-- See http://docs.andromda.org/andromda-cartridges/andromda-hibernate-cartridge/namespace.html -->
        <namespace name="hibernate">
            <properties>
                <property name="hibernateEnableCache">false</property>
                <property name="hibernateEnableAssociationsCache">false</property>
                <property name="hibernateTypeMappingsUri">Hibernate</property>
                <property name="hibernateInheritanceStrategy">${hibernate.inheritance.strategy}</property>
                <property name="defaultHibernateGeneratorClass">${hibernate.generatorClass}</property>
                <property name="hibernateAggregationCascade">delete</property>
                <property name="hibernateDefaultCascade">none</property>
                <property name="entities">${core.generated.dir}</property>
                <property name="entity-impls">${core.manual.java.dir}</property>
                <property name="entity-mappings">${core.generated.dir}</property>
                <property name="user-types">${core.generated.dir}</property>
                <property name="customTypesPackage">${application.package}</property>
                <property name="compositionDefinesEagerLoading">true</property>
                <property name="cache">${core.generated.dir}</property>
            </properties>
        </namespace>
        <!-- See http://docs.andromda.org/andromda-cartridges/andromda-java-cartridge/namespace.html -->
        <namespace name="java">
            <properties>
                <property name="generateEqualPropertiesMethod">true</property>
                <property name="enumerations">${common.generated.dir}</property>
                <property name="exceptions">${common.generated.dir}</property>
                <property name="value-objects">${common.generated.dir}</property>
                <property name="interfaces">${common.generated.dir}</property>
            </properties>
        </namespace>
        <!-- See http://docs.andromda.org/andromda-cartridges/andromda-bpm4struts-cartridge/namespace.html -->
        <namespace name="bpm4struts">
            <properties>
                <property name="defaultDateFormat">MM/dd/yyyy</property>
                <property name="normalizeMessages">true</property>
                <property name="forms">${web.generated.java.dir}</property>
                <property name="pages">${web.generated.web.dir}</property>
                <property name="actions">${web.generated.java.dir}</property>
                <property name="controllers">${web.generated.java.dir}</property>
                <property name="controller-impls">${web.manual.java.dir}</property>
                <property name="decorators">${web.manual.java.dir}</property>
                <property name="messages">${web.generated.web.dir}/WEB-INF/classes</property>
                <property name="configuration">${web.generated.web.dir}/WEB-INF</property>
                <property name="serviceAccessorPattern">${application.package}.ServiceLocator.instance().get{1}()</property>
                <property name="mergeMappingsUri">file:${conf.dir}/mappings/WebMergeMappings.xml</property>
                <property name="manageableServiceAccessorPattern">${application.package}.ManageableServiceLocator.instance().get{1}()</property>
            </properties>
        </namespace>
    </namespaces>
</andromda>