<?xml version="1.0" encoding="UTF-8"?>
<assembly xmlns="http://maven.apache.org/plugins/maven-assembly-plugin/assembly/1.1.1" 
  xmlns:xsi="http://www.w3.org/2001/XMLSchema-instance"
  xsi:schemaLocation="http://maven.apache.org/plugins/maven-assembly-plugin/assembly/1.1.1 http://maven.apache.org/xsd/assembly-1.1.1.xsd">
  <id>repository</id>
  <formats>
    <format>zip</format>
  </formats>
  <includeBaseDirectory>false</includeBaseDirectory>
  <!--
  <dependencySets>
      <dependencySet>
        <excludes>
            <exclude>org.andromda*:*</exclude>        
        </excludes>
        <useProjectArtifact>false</useProjectArtifact>
        <outputDirectory>lib/${artifact.groupId}/${artifact.artifactId}/${artifact.version}</outputDirectory>
      </dependencySet>
  </dependencySets>
  -->
  <repositories>
    <repository>
      <includeMetadata>true</includeMetadata>      
    </repository>
  </repositories>  
</assembly>
