<?xml version="1.0" encoding="UTF-8"?>
<assembly xmlns="http://maven.apache.org/plugins/maven-assembly-plugin/assembly/1.1.1" 
  xmlns:xsi="http://www.w3.org/2001/XMLSchema-instance"
  xsi:schemaLocation="http://maven.apache.org/plugins/maven-assembly-plugin/assembly/1.1.1 http://maven.apache.org/xsd/assembly-1.1.1.xsd">
  <id>source</id>
  <formats>
    <format>zip</format>
  </formats>
  <includeBaseDirectory>false</includeBaseDirectory>  
  <fileSets>
    <fileSet>
      <directory>../</directory>
      <outputDirectory>/</outputDirectory>      
      <excludes>
        <exclude>**/target/**</exclude>        
        <exclude>**/*.log</exclude>
        <exclude>**/*.exc</exclude>        
        <!--
        <exclude>**/.settings/**</exclude>
        <exclude>**/.project</exclude>
        <exclude>**/.classpath</exclude>
        -->
        <exclude>.idea/**</exclude>
        <exclude>**/*.ipr</exclude>
        <exclude>**/*.iml</exclude>
        <exclude>**/*.iws</exclude>
      </excludes>
    </fileSet>
  </fileSets>    
</assembly>