<?xml version="1.0" encoding="UTF-8"?>
<document xmlns="http://maven.apache.org/XDOC/2.0" xmlns:xsi="http://www.w3.org/2001/XMLSchema-instance"
          xsi:schemaLocation="http://maven.apache.org/XDOC/2.0 http://maven.apache.org/xsd/xdoc-2.0.xsd">
    <properties>
        <title>Rational Software Modeler / Architect Installation</title>
        <author email="naresh@andromda.org">Naresh Bhatia</author>
    </properties>

    <body>

        <section name="Rational Software Modeler / Architect Installation">
            <p>
                This page provides directions to configure Rational Software Modeler / Architect, tools for creating UML models.
                AndroMDA supports these tools directly, without exporting models to EMF / UML2 files. During the rest of this tutorial,
                RSM will designate both Rational Software Modeler and Rational Software Architect. RSM7.x, 7.5.x, and 8.x and later (UML2 2.x and 3.x) are supported.
            </p>

            <p>Set up a path variables in RSM specifying the location of your Maven repository. Models generated by AndroMDApp contain references to this variables.</p>
            <ul>
                <li>Start RSM.</li>
                <li>Choose
                    <em>Window > Preferences</em>
                    from the main menu.
                </li>
                <li>Click on<em>Modeling</em>, then<em>Path maps</em>.
                </li>
                <li>Click on <em>Create...</em> in the <em>Path Map</em> panel.
                </li>
                <li>Enter <code>M2_HOME</code> in the <em>Name</em> field.
                </li>
                <li>Enter the location of your Maven repository in the
                    <em>Location</em>
                    field, e.g. <code>C:\Programs\m2repo</code>
                </li>
                <li>Click <em>OK</em> twice.
                </li>
                <li>Close RSM.</li>
            </ul>
        </section>
    </body>
</document>
