<?xml version="1.0" encoding="UTF-8"?>
<document xmlns="http://maven.apache.org/XDOC/2.0" xmlns:xsi="http://www.w3.org/2001/XMLSchema-instance"
          xsi:schemaLocation="http://maven.apache.org/XDOC/2.0 http://maven.apache.org/xsd/xdoc-2.0.xsd">
    <properties>
        <title>
            Create User Entity
        </title>
    </properties>
    <body>
        <section name="Create User Entity">

            <p>
                This page provides directions to create the
                <tt>User</tt>
                entity using RSM.
            </p>

            <p>
                We will create
                <tt>User</tt>
                in a package named <tt>org.andromda.timetracker.domain</tt>.
            </p>

            <ol style="list-style-type: decimal">
                <li>In the TimeTracker model create a package called
                    <tt>domain</tt>
                    under <tt>
                        org.andromda.timetracker</tt>.
                </li>
                <li>In the Containment Tree on the left, right-click on the
                    <tt>domain</tt>
                    package
                    and select<i>New Diagram &gt; Class Diagram</i>. The diagram is created and opened in a new window.
                    Type in
                    <tt>Domain Objects</tt>
                    as the name of this diagram and press Enter.
                </li>
                <li>Add a new class to the diagram and name it <tt>User</tt>.
                </li>
                <li>Add the stereotype called
                    <tt>Entity</tt>
                    to <tt>User</tt>.
                </li>
                <li>Add the 3 attributes to <tt>User</tt>.
                </li>
                <li>Open the
                    <i>Stereotype</i>
                    tab and apply the stereotype named
                    <tt>andromda_persistence_table</tt>. At the bottom of the stereotype panel,
                    you'll find the
                    <i>Stereotype's properties</i>
                    table. On the right of
                    <tt>andromda_persistence_table</tt>, Enter the value <tt>USERS</tt>.
                    This tagged value allows you to override the default table name for the entity.
                </li>
                <li>
                    <b>Note</b>: In our EMF-UML2 profile, each tag value has it own stereotype. Having such a stereotype
                    applied on an element will make AndroMDA consider this element tagged by the corresponding tag value.
                    If there is no specified value (but the stereotype is applied) AndroMDA will use the default value, defined
                    in the profile. Keep this in mind, to remove a tag value, unapply the stereotype.
                </li>
                <li>Make sure your class diagram matches the one shown on the right.</li>
                <li>Make sure that the RSM model explorer matches the screen shot shown below.</li>
                <li>Save your
                    <tt>timetracker</tt>
                    model by double-clicking on
                    <tt>timetracker.emx</tt>
                    and clicking on
                    <i>File &gt; Save</i>
                    (<i>Ctrl + S</i>).
                </li>
                <li>
                    Select<i>File &gt; Export...</i>. Choose
                    <i>UML2 Model</i>
                    and then click on<i>Next</i>.
                    As
                    <i>source</i>
                    select
                    <tt>/TimeTracker/timetracker.emx</tt>
                    and as
                    <i>destination</i>
                    browse to <tt>C:\timetracker\mda\src\main\uml</tt>.
                </li>
            </ol>

            <p>
                Now go back to the main tutorial page and continue from where you left off.
            </p>

        </section>
    </body>
</document>
