<?xml version="1.0" encoding="UTF-8"?>
<document xmlns="http://maven.apache.org/XDOC/2.0" xmlns:xsi="http://www.w3.org/2001/XMLSchema-instance"
          xsi:schemaLocation="http://maven.apache.org/XDOC/2.0 http://maven.apache.org/xsd/xdoc-2.0.xsd">
    <properties>
        <title>
            Create User to UserVO Dependency
        </title>
    </properties>
    <body>
        <section name="Create User to UserVO Dependency">

            <p>
                This page provides directions to create the dependency from
                <tt>User</tt>
                to
                <tt>UserVO</tt>
                using RSM.
            </p>


            <ol style="list-style-type: decimal">
                <li>Open the
                    <tt>Value Objects</tt>
                    class diagram in the
                    <tt>vo</tt>
                    package.
                </li>
                <li>From the model explorer on the left, drag the
                    <tt>User</tt>
                    class on to the
                    diagram. Warning: It is important to bring in the existing
                    <tt>User</tt>
                    class
                    from the
                    <tt>domain</tt>
                    package into this diagram.
                    <b>Don't</b>
                    create a new
                    <tt>User</tt>
                    class in this diagram. Doing so will create a new class in the
                    <tt>vo</tt>
                    package
                    - this is not our intention. All we need is a reference to the existing
                    <tt>User</tt>
                    class in the
                    <tt>domain</tt>
                    package.
                </li>
                <li>Select the
                    <i>Dependency</i>
                    relationship from the toolbar (7th icon from the class
                    diagram group). Now left-click
                    the mouse on the
                    <tt>User</tt>
                    class, drag it to the
                    <tt>UserVO</tt>
                    class
                    and release the mouse. A dependency relationship is added between the two classes.
                </li>
                <li>Make sure your class diagram matches the one shown on the right.</li>
                <li>Save your
                    <tt>timetracker</tt>
                    model by double-clicking on
                    <tt>timetracker.emx</tt>
                    and clicking on
                    <i>File &gt; Save</i>
                    (<i>Ctrl + S</i>).
                </li>
                <li>
                    Select<i>File &gt; Export...</i>. Choose
                    <i>UML2 Model</i>
                    and then click on<i>Next</i>.
                    As
                    <i>source</i>
                    select
                    <tt>/TimeTracker/timetracker.emx</tt>
                    and as
                    <i>destination</i>
                    browse to <tt>C:\timetracker\mda\src\main\uml</tt>.
                </li>
            </ol>
            <p>
                Please go back to the main tutorial page and continue from where you left off.
            </p>

        </section>
    </body>
</document>
