<?xml version="1.0" encoding="UTF-8"?>
<document xmlns="http://maven.apache.org/XDOC/2.0" xmlns:xsi="http://www.w3.org/2001/XMLSchema-instance"
          xsi:schemaLocation="http://maven.apache.org/XDOC/2.0 http://maven.apache.org/xsd/xdoc-2.0.xsd">
    <properties>
        <title>
            Create UserService
        </title>
    </properties>
    <body>
        <section name="Create UserService">

            <p>
                This page provides directions to create the
                <tt>UserService</tt>
                using RSM.
            </p>

            <p>
                We will create
                <tt>UserService</tt>
                in a package named <tt>org.andromda.timetracker.service</tt>.
            </p>

            <ol style="list-style-type: decimal">
                <li>In the
                    <tt>timetracker</tt>
                    model create a package called
                    <tt>service</tt>
                    under <tt>
                        org.andromda.timetracker</tt>.
                </li>
                <li>In the model explorer on the left, right-click on the
                    <tt>service</tt>
                    package
                    and select
                    <i>New Diagram &gt; Class Diagram</i>. The diagram is created and opened in a new window. Type in
                    <tt>Services</tt>
                    as the name of this diagram
                    and press Enter.
                </li>
                <li>Add a new class to the diagram and name it <tt>UserService</tt>.
                </li>
                <li>Add the stereotype called
                    <tt>Service</tt>
                    to <tt>UserService</tt>.
                </li>
                <li>Let's add
                    <tt>id</tt>
                    as an attribute of <tt>UserVO</tt>.
                    Note that attributes are always
                    generated as private members of a class. However the visibilities of the associated
                    getter and setter are determined by the visibility of the attribute specification.
                    In this case we have specified public visibility (by using the plus sign) and hence
                    the getter and setter for the
                    <tt>id</tt>
                    attribute will be public.
                </li>
                <li>Let's add the
                    <tt>getAllUsers()</tt>
                    method to <tt>UserService</tt>. Place your mouse on the
                    <tt>UserService</tt>
                    class and wait until a 'tooltip' appears above it. Click
                    on the little green circle. A new operation is inserted with the
                    specification <tt>&lt;&lt;&gt;&gt;Operation1</tt>. Write over this specification with this new one:
                    <tt>getAllUsers()</tt>
                    and press Enter. Do not specify the return value right now because
                    RSM gets confused with the
                    <tt>UserVO[]</tt>
                    syntax. After typing the
                    operation press Enter to exit the edit mode.
                </li>
                <li>
                    Select the operation <tt>getAllUsers()</tt>, and in the
                    <i>Properties</i>
                    tab, click on<i>General</i>.
                    In this sub-panel, click on<i>Define return type...</i>. A popup dialog will appear,
                    select
                    <tt>timtracker::org.andromda.timetracker::vo::UserVO[]</tt>
                    and click<i>OK</i>.
                </li>
                <li>Make sure your class diagram matches the one shown above.</li>
                <li>Make sure that the RSM model explorer matches the screen shot shown below.</li>
                <li>Save your
                    <tt>timetracker</tt>
                    model by double-clicking on
                    <tt>timetracker.emx</tt>
                    and clicking on
                    <i>File &gt; Save</i>
                    (<i>Ctrl + S</i>).
                </li>
                <li>
                    Select<i>File &gt; Export...</i>. Choose
                    <i>UML2 Model</i>
                    and then click on<i>Next</i>.
                    As
                    <i>source</i>
                    select
                    <tt>/TimeTracker/timetracker.emx</tt>
                    and as
                    <i>destination</i>
                    browse to <tt>C:\timetracker\mda\src\main\uml</tt>.
                </li>
            </ol>

            <p>
                We are now ready to generate code for the <tt>UserService</tt>. Please go back
                to the main tutorial page and continue from where you left off.
            </p>


        </section>
    </body>
</document>
