<?xml version="1.0" encoding="UTF-8"?>

<!-- these are the digester rules used to instantiate and configure
     an org.andromda.core.mapping.Mappings instance using Apache's Digester -->
<digester-rules>

    <pattern value="mappings">

        <object-create-rule
              classname="org.andromda.core.mapping.Mappings" />

        <set-properties-rule>
            <alias attr-name="name" prop-name="name" />
        </set-properties-rule>

        <pattern value="extends">

            <call-method-rule
                methodname="setExtendsUri"
                paramcount="1" />

            <call-param-rule
                paramnumber="0"/>

        </pattern>

        <pattern value="mapping">

            <object-create-rule
                classname="org.andromda.core.mapping.Mapping" />

            <pattern value="from">

                <call-method-rule
                    methodname="addFrom"
                    paramcount="1" />

                <call-param-rule
                    paramnumber="0"/>

            </pattern>

            <pattern value="to">

                <pattern value="path">

                    <call-method-rule
                        methodname="addPath"
                        paramcount="1" />

                    <call-param-rule
                        paramnumber="0"/>

                </pattern>

                <call-method-rule
                    methodname="setTo"
                    paramcount="1" />

                <call-param-rule
                    paramnumber="0"/>

            </pattern>

            <set-next-rule methodname="addMapping" />

        </pattern>

    </pattern>

</digester-rules>