<?xml version="1.0" encoding="UTF-8"?>

<document xmlns="http://maven.apache.org/XDOC/2.0" xmlns:xsi="http://www.w3.org/2001/XMLSchema-instance"
          xsi:schemaLocation="http://maven.apache.org/XDOC/2.0 http://maven.apache.org/xsd/xdoc-2.0.xsd">
    <properties>
        <title>MagicDraw Installation</title>
        <author email="naresh@andromda.org">Naresh Bhatia</author>
    </properties>

    <body>

        <section name="MagicDraw Installation">
            <p>
                This page provides directions to download and install MagicDraw 9.5,
                a tool for creating UML models.
            </p>

            <p class="highlight">
                Please note that MagicDraw is a commercial tool but a free Community
                Edition is available. The Community Edition is <i>not</i> open-source.
                Here's an excerpt from the Community Edition readme file:
                "MagicDraw Community edition is a free edition for developers working
                on non-commercial projects." Also note that the AndroMDA project
                is not affiliated with MagicDraw in any way.
            </p>

            <p>Follow the instructions below to install MagicDraw 9.5 Community Edition.</p>
            <ul>
              <li>Go to the
                  <a href="http://nomagic.be/files95/">
                  MagicDraw ftp site</a>
              </li>
              <li>
                  Download and install MagicDraw 9.5 for your machine. <code>MD_UML_95_sp1_CE_win.exe</code>
                  is the preferred installer for Windows machines.
              </li>
            </ul>            
        </section>

    </body>
</document>
