<?xml version="1.0" encoding="UTF-8"?>
<document xmlns="http://maven.apache.org/XDOC/2.0" xmlns:xsi="http://www.w3.org/2001/XMLSchema-instance"
          xsi:schemaLocation="http://maven.apache.org/XDOC/2.0 http://maven.apache.org/xsd/xdoc-2.0.xsd">
    <properties>
        <title>MagicDraw Installation</title>
        <author email="naresh@andromda.org">Naresh Bhatia</author>
    </properties>

    <body>

        <section name="MagicDraw Installation">
            <p>
                This page provides directions to download and install MagicDraw 16.5,
                a tool for creating UML models. AndroMDA support this tool thanks to its ability to export models to EMF / UML2 files
            </p>

            <p class="highlight">
                Please note that MagicDraw is a commercial tool. A UML2 Community Edition was available
                for free through version 16.5, but the free version is no longer available, and existing
                free versions expired in 2010. Only the temporary demo version is available for free.
                Also note that the AndroMDA project is not affiliated with MagicDraw in any way.
            </p>

            <p>Follow the instructions below to install MagicDraw 16.5.</p>
            <p>Versions 11.5 and later (i.e. through 17) which support export to EMF-UML2.x and 3.x will work with AndroMDA.</p>
            <ol>
                <li>Go to the <a href="http://www.magicdraw.com">MagicDraw site</a> </li>
                <li>Download and install MagicDraw 16.5 for your machine</li>
                <li>Sign up for a MagicDraw account and request a Demo license version from MagicDraw.</li>
            </ol>
            
            <p>Set up a path variables in MagicDraw specifying the location of your Maven 2 repository.
                Models generated by AndroMDApp contain references to this variables.</p>
            <ol>
                <li>Start MagicDraw.</li>
                <li>Choose Options > Environment from the main menu.</li>
                <li>Click on <em>Path Variables</em>.</li>
                <li>Click on <em>Add</em> in the <em>Path Variables</em> panel.</li>
                <li>Enter <code>maven2.repository</code> in the <em>Name</em> field.</li>
                <li>Enter the location of your Maven 2 repository in the <em>Value</em> field, e.g. <code>C:\Programs\m2repo</code></li>
                <li>Click <em>OK</em> twice.</li>
                <li>Close MagicDraw.</li>
            </ol>
        </section>

    </body>
</document>
