<?xml version="1.0" encoding="UTF-8"?>
<document xmlns="http://maven.apache.org/XDOC/2.0" xmlns:xsi="http://www.w3.org/2001/XMLSchema-instance"
          xsi:schemaLocation="http://maven.apache.org/XDOC/2.0 http://maven.apache.org/xsd/xdoc-2.0.xsd">
    <properties>
        <title>
            Create Timecard Entity
        </title>
    </properties>
    <body>
        <section name="Create Timecard Entity">

            <p>
                This page provides directions to create the
                <tt>Timecard</tt>
                entity using MagicDraw 16.5.
            </p>

            <p>
                Follow the steps below to create the
                <tt>Timecard</tt>
                entity along with the
                two associations.
            </p>
            <p>

            </p>
            <ol style="list-style-type: decimal">
                <li>Open the diagram called &quot;Domain Objects&quot; and create a class called
                    <tt>Timecard</tt>
                    in it. Make sure the class is created in the
                    <tt>org.andromda.timetracker.domain</tt>
                    package by inspecting the containment tree.
                </li>
                <li>Set the stereotype of the
                    <tt>Timecard</tt>
                    class to Entity.
                </li>
                <li>Add the 3 attributes as shown above. Remember to uncheck the <i>Is Unique</i> box.</li>
                <li>Add the
                    <tt>findByCriteria()</tt>
                    method as shown above. By default the method
                    is created at instance scope. Double-click on the method to open the Operation Specification
                    dialog box and check the
                    <i>Is Static</i> box.
                </li>
                <li>Select the association relationship from the toolbar. Use the tool tips and the
                    status bar to identify the association tool. Create an asociation from
                    <tt>Timecard</tt>
                    to <tt>User</tt>.
                </li>
                <li>Right-click on the
                    <tt>Timecard</tt>
                    end of the association and uncheck Navigable. This will make
                    the association one-way from
                    <tt>Timecard</tt>
                    to <tt>Person</tt>.
                </li>
                <li>Right-click on the
                    <tt>User</tt>
                    end of the association and select the multiplicity
                    of 1. Similarly set the multiplicity of the
                    <tt>Timecard</tt>
                    end to many (*).
                </li>
                <li>Right-click on the
                    <tt>User</tt>
                    end of the association and select Edit Name.
                    Type the following specification for this association end: &quot;+submitter&quot;. The
                    <tt>Timecard</tt>
                    end does not have to be named because it is not navigable. This completes the submitter
                    association from
                    <tt>Timecard</tt>
                    to <tt>User</tt>.
                </li>
                <li>Similarly add an
                    <tt>approver</tt>
                    association from
                    <tt>Timecard</tt>
                    to
                    <tt>User</tt>. Move the associations up or down as appropriate so they do not
                    overlap each other. This can be made easier by right-clicking on the association
                    and choosing Path Style &gt; Rectilinear.
                </li>
                <li>Save your
                    <tt>timetracker</tt>
                    model by selecting<i>File &gt; Save Project</i>.
                </li>
                <li>Export it in EMF/UML2 format by selecting<i>File &gt; Export &gt; EMF UML2 (v2.x) XMI File</i>.
                    Choose
                    <tt>C:/timetracker/mda/src/main/uml</tt>
                    as export directory and click<i>Export</i>.
                </li>
            </ol>
            <p>
                Now go back to the main tutorial page and continue from where you left off.
            </p>

        </section>
    </body>
</document>
