<?xml version="1.0" encoding="UTF-8"?>
<document xmlns="http://maven.apache.org/XDOC/2.0" xmlns:xsi="http://www.w3.org/2001/XMLSchema-instance"
          xsi:schemaLocation="http://maven.apache.org/XDOC/2.0 http://maven.apache.org/xsd/xdoc-2.0.xsd">
    <properties>
        <title>ArgoUML Installation</title>
        <author email="tfmorris@tigris.org">Tom Morris</author>
    </properties>

    <body>
        <section name="ArgoUML Insallation">
            <p>
                This page provides directions to download and install ArgoUML,
                a tool for creating UML models. Please note that versions prior
                to 0.20 output only UML 1.3 and are not compatible with AndroMDA.
            </p>

            <p class="highlight">
                ArgoUML is an open source UML modeling tool. The AndroMDA project
                is not affiliated with ArgoUML in any way.
            </p>

            <p>Follow the instructions below to install ArgoUML.</p>
            <ol>
              <li>Go to the
                  <a href="http://argouml.tigris.org/" >
                  ArgoUML release site</a>
              </li>
              <li>
                  Download and install ArgoUML for your machine.
              </li>
            </ol>
        </section>
    </body>
</document>
